/*==========================================================
            TECHSTORE SALES ANALYSIS
            Author: Lerato Lehoko
            SQL Portfolio Project 1
==========================================================*/

/*==========================================================
                    CREATE DATABASE
==========================================================*/

CREATE DATABASE TechStore;

USE TechStore;

/*==========================================================
                    CREATE TABLES
==========================================================*/

CREATE TABLE Customers (
    CustomerID INT PRIMARY KEY,
    CustomerName VARCHAR(100),
    City VARCHAR(50)
);

CREATE TABLE Products (
    ProductID INT PRIMARY KEY,
    ProductName VARCHAR(100),
    Category VARCHAR(50),
    Price DECIMAL(10,2)
);

CREATE TABLE Orders (
    OrderID INT PRIMARY KEY,
    CustomerID INT,
    ProductID INT,
    Quantity INT,
    OrderDate DATE,
    FOREIGN KEY (CustomerID) REFERENCES Customers(CustomerID),
    FOREIGN KEY (ProductID) REFERENCES Products(ProductID)
);

CREATE TABLE Employees (
    EmployeeID INT PRIMARY KEY,
    FirstName VARCHAR(50),
    LastName VARCHAR(50),
    Department VARCHAR(50),
    Salary DECIMAL(10,2)
);

/*==========================================================
                INSERT SAMPLE DATA
==========================================================*/

/*-------------------------
        Customers
--------------------------*/

INSERT INTO Customers VALUES
(1,'Lerato Lehoko','Pretoria'),
(2,'Sarah Mokoena','Johannesburg'),
(3,'David Nkosi','Cape Town'),
(4,'Grace Khumalo','Pretoria'),
(5,'Peter Smith','Durban');


/*-------------------------
        Products
--------------------------*/

INSERT INTO Products VALUES
(101,'Laptop','Electronics',15000.00),
(102,'Keyboard','Accessories',800.00),
(103,'Monitor','Electronics',4500.00),
(104,'Mouse','Accessories',350.00),
(105,'Headphones','Accessories',1200.00),
(106,'Printer','Electronics',3500.00);


/*-------------------------
        Orders
--------------------------*/

INSERT INTO Orders VALUES
(1001,1,101,1,'2026-07-01'),
(1002,1,102,2,'2026-07-01'),
(1003,2,101,1,'2026-07-02'),
(1004,2,105,3,'2026-07-03'),
(1005,3,104,2,'2026-07-04'),
(1006,4,103,1,'2026-07-05'),
(1007,4,102,1,'2026-07-06'),
(1008,5,106,1,'2026-07-06'),
(1009,5,104,3,'2026-07-07'),
(1010,2,103,2,'2026-07-08');


/*-------------------------
        Employees
--------------------------*/

INSERT INTO Employees VALUES
(1,'John','Smith','Finance',55000.00),
(2,'Mary','Johnson','Marketing',42000.00),
(3,'James','Brown','IT',60000.00),
(4,'Linda','Williams','HR',38000.00),
(5,'Michael','Jones','Finance',48000.00),
(6,'Patricia','Davis','Marketing',45000.00),
(7,'Robert','Miller','IT',52000.00),
(8,'Jennifer','Wilson','HR',40000.00);

/*==========================================================
                PROJECT QUERIES (TASKS 1–5)
==========================================================*/

-- Task 1: Display all employees

SELECT *
FROM Employees;


-- Task 2: Display products costing more than R1000

SELECT ProductName, Category, Price
FROM Products
WHERE Price > 1000;


-- Task 3: Count the total number of customers

SELECT COUNT(CustomerID) AS TotalCustomers
FROM Customers;


-- Task 4: Calculate revenue generated by each product

SELECT ProductName,
       SUM(Quantity * Price) AS Revenue
FROM Products p
INNER JOIN Orders o
ON p.ProductID = o.ProductID
GROUP BY ProductName
ORDER BY Revenue DESC;


-- Task 5: Display customers who spent more than R10,000

SELECT CustomerName,
       SUM(Quantity * Price) AS TotalSpent
FROM Customers c
INNER JOIN Orders o
ON c.CustomerID = o.CustomerID
INNER JOIN Products p
ON p.ProductID = o.ProductID
GROUP BY CustomerName
HAVING SUM(Quantity * Price) > 10000
ORDER BY TotalSpent DESC;

/*==========================================================
                PROJECT QUERIES (TASKS 6–10)
==========================================================*/

-- Task 6: Display the top 5 most expensive products

SELECT ProductName, Category, Price
FROM Products
ORDER BY Price DESC
LIMIT 5;


-- Task 7: Which city generated the highest revenue?

SELECT City,
       SUM(Quantity * Price) AS Revenue
FROM Customers c
INNER JOIN Orders o
ON c.CustomerID = o.CustomerID
INNER JOIN Products p
ON o.ProductID = p.ProductID
GROUP BY City
ORDER BY Revenue DESC
LIMIT 1;


-- Task 8: Show the average order value for each customer

SELECT CustomerName,
       AVG(Quantity * Price) AS AverageOrderValue
FROM Customers c
INNER JOIN Orders o
ON c.CustomerID = o.CustomerID
INNER JOIN Products p
ON o.ProductID = p.ProductID
GROUP BY CustomerName;


-- Task 9: Display the top 3 highest-spending customers

SELECT CustomerName,
       SUM(Quantity * Price) AS TotalSpent
FROM Customers c
INNER JOIN Orders o
ON c.CustomerID = o.CustomerID
INNER JOIN Products p
ON o.ProductID = p.ProductID
GROUP BY CustomerName
ORDER BY TotalSpent DESC
LIMIT 3;


-- Task 10: Display customers who spent more than the average customer spending

SELECT CustomerName,
       SUM(Quantity * Price) AS TotalSpent
FROM Customers c
INNER JOIN Orders o
ON c.CustomerID = o.CustomerID
INNER JOIN Products p
ON p.ProductID = o.ProductID
GROUP BY CustomerName
HAVING SUM(Quantity * Price) >
(
    SELECT AVG(TotalSpent)
    FROM
    (
        SELECT SUM(Quantity * Price) AS TotalSpent
        FROM Orders o
        INNER JOIN Products p
        ON o.ProductID = p.ProductID
        GROUP BY CustomerID
    ) AS CustomerTotals
)
ORDER BY TotalSpent DESC;

/*==========================================================
                PROJECT QUERIES (TASKS 11–15)
==========================================================*/

-- Task 11: Display the product that generated the highest revenue

SELECT ProductName,
       SUM(Quantity * Price) AS Revenue
FROM Products p
INNER JOIN Orders o
ON p.ProductID = o.ProductID
GROUP BY ProductName
ORDER BY Revenue DESC
LIMIT 1;


-- Task 12: Calculate the average product price by category

SELECT Category,
       AVG(Price) AS AveragePrice
FROM Products
GROUP BY Category
ORDER BY AveragePrice DESC;


-- Task 13: Count the number of orders placed by each customer

SELECT CustomerName,
       COUNT(OrderID) AS NumberOfOrders
FROM Customers c
INNER JOIN Orders o
ON c.CustomerID = o.CustomerID
GROUP BY CustomerName
ORDER BY NumberOfOrders DESC;


-- Task 14: Create a view showing customer spending

CREATE VIEW CustomerSpending AS

SELECT CustomerName,
       SUM(Quantity * Price) AS TotalSpent
FROM Customers c
INNER JOIN Orders o
ON c.CustomerID = o.CustomerID
INNER JOIN Products p
ON o.ProductID = p.ProductID
GROUP BY CustomerName;


-- Task 15: Display customers who spent more than R10,000 using the view

SELECT *
FROM CustomerSpending
WHERE TotalSpent > 10000;


/*==========================================================
                    END OF PROJECT
==========================================================*/